#Login
insert into Login values('NL1','diego_art_01@gmail.com','1234');
insert into Login values('NL2','AvSS_01@gmail.com','AVS123');
insert into Login values('NL3','arhelicortes@gmail.com','2303');
insert into Login values('NL4','torresitze@gmail.com','0811');
insert into Login values('NL5','emilianors@gmail.com','1564');
insert into Login values('NL6','marlu1505@yahoo.mx.com','1895');
insert into Login values('NL7','jvidal@live.com','1463');
insert into Login values('NL8','esteticaalamoda@yahoo.com','1200');
insert into Login values('NL9','lmaldia@hotmail.com','1900');
insert into Login values('NL10','checorgo@gmail.com','6541');
insert into Login values('NL11','ed_0125@gmail.com','5544');
insert into Login values('NL12','Br_90_G@gmail.com','9988');
insert into Login values('NL13','med_reb1985@gmail.com','1320');
insert into Login values('NL14','diego_LuDi@gmail.com','9987');
insert into Login values('NL15','Di.Ba.Ol@gmail.com','7777');
insert into Login values('NL16','Dani690501@gmail.com','4444');
insert into Login values('NL17','Shy_YaPra@gmail.com','1236');
insert into Login values('NL18','Many.01051991@gmail.com','1462');
insert into Login values('NL19','diego_art_01@gmail.com','1234');
insert into Login values('NL20','raul_cont01@gmail.com','AVS123');
insert into Login values('NL21','patric_2303@gmail.com','2303');
insert into Login values('NL22','dulceLGR@gmail.com','0811');
insert into Login values('NL23','edgar_098Dip@gmail.com','1564');
insert into Login values('NL24','mari_1505@yahoo.mx.com','1895');
insert into Login values('NL25','javier_123loz@yahoo.com','1463');
insert into Login values('NL26','estetica_pretty@yahoo.com','1200');
insert into Login values('NL27','lmaldayana@hotmail.com','1900');
insert into Login values('NL28','cofipresi@gmail.com','6541');
insert into Login values('NL29','ed_0987@gmail.com','5544');
insert into Login values('NL30','Br_90tred@gmail.com','9988');

#Persona
insert into Persona values('US1','Diego Armando','Morales','González','Masculino','1996-10-21','5525678952','Coyoacán','NL1');
insert into Persona values('US2','Amanda','Solano','Sanchéz','Femenino','1994-06-14','5544889932','Milpa Alta','NL2');
insert into Persona values('US3','Arheli','Cortés','López','Femenino','1973-02-25','557412369102','Venustiano Carranza','NL3');
insert into Persona values('US4','Itzel','Torres','González','Femenino','1972-03-22','5512369874','Cuahutémoc','NL4');
insert into Persona values('US5','Emiliano','Pastrana','Trejo','Masculino','1980-01-01','5515963578','Benito Juárez','NL5');
insert into Persona values('US6','Marilu','Ramos','Aldana','Femenino','1976-04-06','5510234532','Azcapotzalco','NL6');
insert into Persona values('US7','Josè','Murga','Solano','Masculino','1995-09-17','5574125984','Xochimilco','NL7');
insert into Persona values('US8','Diana','Hernández','Anzures','Femenino','1990-12-03','5532639874','Alvaro Obregón','NL8');
insert into Persona values('US9','Laura','Gomez','Durán','Femenino','1987-02-03','5544663322','Iztacalco','NL9');
insert into Persona values('US10','Sergio','Villanueva','Casanova','Masculino','1992-07-08','5542136987','Cuajimalpa de Morelos','NL10');
insert into Persona values('US11','Eduardo','Campuzano','Armendariz','Masculino','1990-10-02','5556832410','Iztapalapa','NL11');
insert into Persona values('US12','Brandon','Palma','Rodríguez','Masculino','1966-02-22','5587996874','Magdalena Contreras','NL12');
insert into Persona values('US13','Magdalena','Peña','Leon','Femenino','1961-05-04','5514231422','Tlalpan','NL13');
insert into Persona values('US14','Diego','Ponce','Alvarado','Masculino','1970-01-30','5598689314','Tláhuac','NL14');
insert into Persona values('US15','Dionicio','Torres','Morales','Masculino','1990-03-09','5541237111','Coyoacán','NL15');
insert into Persona values('US16','Daniel','Galván','Toledano','Masculino','1975-08-19','5512364216','Iztapalapa','NL16');
insert into Persona values('US17','Synthya','Cortés','González','Femenino','1997-02-02','5576985326','Venustiano Carranza','NL17');
insert into Persona values('US18','Mayte','Vazquez','Romero','Femenino','1990-03-01','5541232149','Benito Juarez','NL18');
insert into Persona values('US19','Diego Arturo','Cifuentes','Zavala','Masculino','1962-12-31','5536987412','Iztacalco','NL19');
insert into Persona values('US20','Raul','Zambrano','Martinez','Masculino','1967-11-08','5541002168','Iztacalco','NL20');
insert into Persona values('US21','Patricia','Montés','De la Oca','Femenino','1975-03-30','5512369840','Alvaro Obregón','NL21');
insert into Persona values('US22','Dulce Lizbeth','De la Parra','Hernández','Femenino','1979-03-01','5513246324','Magdalena Contreras','NL22');
insert into Persona values('US23','Edgar','Abrego','Leon','Masculino','1969-09-02','5541023641','Cuahutémoc','NL23');
insert into Persona values('US24','Mariela','Torres','De la Vega','Femenino','1996-11-08','5571042365','Xochimilco','NL24');
insert into Persona values('US25','Javier','Contreras','Alvarado','Masculino','1997-03-23','5598645231','Milpa Alta','NL25');
insert into Persona values('US26','Gabriela','Yáñez','García','Femenino','1973-02-25','5541023697','Coyoacán','NL26');
insert into Persona values('US27','Dayana','Jimenez','Velazquez','Femenino','1988-05-05','5541023412','Magdalena Contreras','NL27');
insert into Persona values('US28','Gerardo','Campuzano','Soriano','Masculino','1982-12-01','5507012012','Azcapotzalco','NL28');
insert into Persona values('US29','Ernesto','Santos','Rojo','Masculino','1962-07-07','5547120460','Tlalpan','NL29');
insert into Persona values('US30','Brayan','Ortigoza','Campuzano','Masculino','1972-08-30','5578963214','Tláhuac','NL30');

#Admon_Usua
insert into Admon_Usua values('ADU1','Arheli','Cortés','González','Femenino',5528524916);
insert into Admon_Usua values('ADU2','Itzel','Galván','Torres','Femenino',5513010162);
insert into Admon_Usua values('ADU3','Andreé','Pozos','Nieto','Masculino',5525634894);

#Tipo
insert into Tipo values('1','Renter');
insert into Tipo values('2','Owner');
insert into Tipo values('3','Administrador de Usuarios');
insert into Tipo values('4','Administrador de Servicios');

#Login_Tipo
insert into Login_Tipo values('NL1',3);
insert into Login_Tipo values('NL2',4);
insert into Login_Tipo values('NL3',3);
insert into Login_Tipo values('NL4',3);
insert into Login_Tipo values('NL5',4);
insert into Login_Tipo values('NL6',4);
insert into Login_Tipo values('NL7',1);
insert into Login_Tipo values('NL8',1);
insert into Login_Tipo values('NL9',1);
insert into Login_Tipo values('NL10',1);
insert into Login_Tipo values('NL11',1);
insert into Login_Tipo values('NL12',1);
insert into Login_Tipo values('NL13',1);
insert into Login_Tipo values('NL14',1);
insert into Login_Tipo values('NL15',1);
insert into Login_Tipo values('NL16',1);
insert into Login_Tipo values('NL17',2);
insert into Login_Tipo values('NL18',2);
insert into Login_Tipo values('NL19',2);
insert into Login_Tipo values('NL20',2);
insert into Login_Tipo values('NL21',2);
insert into Login_Tipo values('NL22',2);
insert into Login_Tipo values('NL23',2);
insert into Login_Tipo values('NL24',2);
insert into Login_Tipo values('NL25',2);
insert into Login_Tipo values('NL26',2);
insert into Login_Tipo values('NL27',1);
insert into Login_Tipo values('NL28',2);
insert into Login_Tipo values('NL29',1);
insert into Login_Tipo values('NL30',2);



#Delegacion
insert into Delegacion values(1,'Álvaro Obregón');
insert into Delegacion values(2,'Ázcapotzalco');
insert into Delegacion values(3,'Benito Juárez');
insert into Delegacion values(4,'Coyoacán');
insert into Delegacion values(5,'Cuajimalpa de Morelos');
insert into Delegacion values(6,'Cuahutémoc');
insert into Delegacion values(7,'Gustavo A. Madero');
insert into Delegacion values(8,'Iztacalco');
insert into Delegacion values(9,'Iztapalapa');
insert into Delegacion values(10,'Magdalena Contreras');
insert into Delegacion values(11,'Miguel Hidalgo');
insert into Delegacion values(12,'Milpa Alta');
insert into Delegacion values(13,'Tláhuac');
insert into Delegacion values(14,'Tlalpan');
insert into Delegacion values(15,'Venustiano Carranza');
insert into Delegacion values(16,'Xochimilco');

#Direccion //Pendiente checar las correspondencias
insert into Direccion values(1,'Escuadrón 201',09060,'Hector Espinoza Galvan',0,1005,9);
insert into Direccion values(2,'Lindavista Vallejo',04060,'Av. 504',0,60,7);
insert into Direccion values(3,'Nueva España',02020,'Santa Apolonia',2,1005,2);
insert into Direccion values(4,'Barrio La Guadalupe',09090,'Ojo de Agua',15,562,13);
insert into Direccion values(5,'Azteca',01020,'Lorenzo Boturini',3,108,15);
insert into Direccion values(6,'',09060,'Sector Popular',0,109,9);
insert into Direccion values(7,'',09062,'Sector Popular Samir',0,109,9);
insert into Direccion values(8,'Azteca',01020,'Lorenzo Demain',3,108,10);
insert into Direccion values(9,'',09060,'Sector Sur',0,109,7);
insert into Direccion values(10,'Palma',01020,'Nogales',3,108,15);
insert into Direccion values(11,'Sevilla',01060,'Sur 109 A',10,1009,9);
insert into Direccion values(12,'Isla Cortés',08060,'Monte de las Virgenes',0,506,9);
insert into Direccion values(13,'Cantil del Pedregal',06090,'Maiz',2,2010,10);
insert into Direccion values(14,'Cafetales',06060,'Pedro Soto',0,90,9);
insert into Direccion values(15,'El Reloj',020060,'Las Campanos',3,1030,16);
insert into Direccion values(16,'Socrátes',03060,'Flor de Mayo',10,1140,9);
insert into Direccion values(17,'Rodolfo Usigli',05090,'Pablo Ruiz Rivas',11,2130,15);
insert into Direccion values(18,'Tajin',09020,'Madero',5,420,9);
insert into Direccion values(19,'Cuadrante de San Francisco',06060,'Hermosillo',0,110,9);
insert into Direccion values(20,'Sevilla',01060,'Sur 109 A',10,1009,10);
insert into Direccion values(21,'Isla Cortés',08060,'Monte de las Virgenes',0,506,13);
insert into Direccion values(22,'Cantil del Pedregal',06090,'Maiz',2,2010,11);
insert into Direccion values(23,'Cafetales',06060,'Pedro Soto',0,90,14);
insert into Direccion values(24,'El Reloj',020060,'Las Campanos',3,1030,12);
insert into Direccion values(25,'Socrátes',03060,'Flor de Mayo',10,1140,8);
insert into Direccion values(26,'Rodolfo Usigli',05090,'Pablo Ruiz Rivas',11,2130,9);
insert into Direccion values(27,'Tajin',09020,'Madero',5,420,10);
insert into Direccion values(28,'Cuadrante de San Francisco',06060,'Hermosillo',0,110,15);
insert into Direccion values(29,'Tajin',09020,'Madero',5,420,12);
insert into Direccion values(30,'Cuadrante de San Francisco',06060,'Hermosillo',0,110,14);


#Persona_Dir
insert into Persona_Dir values('US1',1);
insert into Persona_Dir values('US2',2);
insert into Persona_Dir values('US3',3);
insert into Persona_Dir values('US4',4);
insert into Persona_Dir values('US5',5);
insert into Persona_Dir values('US6',6);
insert into Persona_Dir values('US7',7);
insert into Persona_Dir values('US8',8);
insert into Persona_Dir values('US9',9);
insert into Persona_Dir values('US10',10);
insert into Persona_Dir values('US11',11);
insert into Persona_Dir values('US12',12);
insert into Persona_Dir values('US13',13);
insert into Persona_Dir values('US14',14);
insert into Persona_Dir values('US15',15);
insert into Persona_Dir values('US16',16);
insert into Persona_Dir values('US17',17);
insert into Persona_Dir values('US18',18);
insert into Persona_Dir values('US19',19);
insert into Persona_Dir values('US20',20);
insert into Persona_Dir values('US21',21);
insert into Persona_Dir values('US22',22);
insert into Persona_Dir values('US23',23);
insert into Persona_Dir values('US24',24);
insert into Persona_Dir values('US25',25);
insert into Persona_Dir values('US26',26);
insert into Persona_Dir values('US27',27);
insert into Persona_Dir values('US28',28);
insert into Persona_Dir values('US29',29);
insert into Persona_Dir values('US30',30);

#AdmonU_Usuario
insert into AdmonU_Usuario values('US1','ADU1');
insert into AdmonU_Usuario values('US2','ADU2');
insert into AdmonU_Usuario values('US3','ADU3');
insert into AdmonU_Usuario values('US4','ADU3');
insert into AdmonU_Usuario values('US5','ADU2');
insert into AdmonU_Usuario values('US6','ADU1');
insert into AdmonU_Usuario values('US7','ADU2');
insert into AdmonU_Usuario values('US8','ADU3');
insert into AdmonU_Usuario values('US9','ADU1');
insert into AdmonU_Usuario values('US10','ADU3');
insert into AdmonU_Usuario values('US11','ADU2');
insert into AdmonU_Usuario values('US12','ADU1');
insert into AdmonU_Usuario values('US13','ADU2');
insert into AdmonU_Usuario values('US14','ADU3');
insert into AdmonU_Usuario values('US15','ADU1');
insert into AdmonU_Usuario values('US16','ADU1');
insert into AdmonU_Usuario values('US17','ADU3');
insert into AdmonU_Usuario values('US18','ADU3');
insert into AdmonU_Usuario values('US19','ADU3');
insert into AdmonU_Usuario values('US20','ADU1');
insert into AdmonU_Usuario values('US21','ADU1');
insert into AdmonU_Usuario values('US22','ADU2');
insert into AdmonU_Usuario values('US23','ADU3');
insert into AdmonU_Usuario values('US24','ADU2');
insert into AdmonU_Usuario values('US25','ADU2');
insert into AdmonU_Usuario values('US26','ADU3');
insert into AdmonU_Usuario values('US27','ADU1');
insert into AdmonU_Usuario values('US28','ADU1');
insert into AdmonU_Usuario values('US29','ADU1');
insert into AdmonU_Usuario values('US30','ADU1');

#Owner
insert into Owner values('OW1','US17');
insert into Owner values('OW2','US18');
insert into Owner values('OW3','US19');
insert into Owner values('OW4','US20');
insert into Owner values('OW5','US21');
insert into Owner values('OW6','US22');
insert into Owner values('OW7','US23');
insert into Owner values('OW8','US24');
insert into Owner values('OW9','US25');
insert into Owner values('OW10','US26');
insert into Owner values('OW11','US28');
insert into Owner values('OW12','US30');

#Catalogo_Servicios
insert into Catalogo_Servicios values(01,'Público');
insert into Catalogo_Servicios values(02,'Tarea doméstica');
insert into Catalogo_Servicios values(03,'Profesional');
insert into Catalogo_Servicios values(04,'Mi Imagen');
insert into Catalogo_Servicios values(05,'Mantenimiento');
insert into Catalogo_Servicios values(06,'Académico');

#Servicio
insert into Servicio values(01,'Sistemas Computacionales',03);
insert into Servicio values(02,'Albañilería',01);
insert into Servicio values(03,'Pintura de casas',05);
insert into Servicio values(04,'Estética',04);
insert into Servicio values(05,'Niñera',02);
insert into Servicio values(06,'Ascesoría',06);
insert into Servicio values(07,'Cuidado de Perros',02);
insert into Servicio values(08,'Arquitectura',03);
insert into Servicio values(09,'Diseño de interiores',03);
insert into Servicio values(10,'Psicología',03);
insert into Servicio values(11,'Ayudante General de Limpieza en Casa',02);
insert into Servicio values(12,'Enseñanza del idioma Inglés',06);
insert into Servicio values(13,'Enseñanza de matemáticas',06);
insert into Servicio values(14,'Cerrajería',05);
insert into Servicio values(15,'Plomería',05);
insert into Servicio values(16,'Personal de Limpieza General',05);
insert into Servicio values(17,'Chofer',01);
insert into Servicio values(18,'Vendedor',01);
insert into Servicio values(19,'Secretaria General',03);
insert into Servicio values(20,'Enfermera',03);
insert into Servicio values(21,'Contador',03);

#Owner_Ser
insert into Owner_Ser values('OW1',01);
insert into Owner_Ser values('OW2',02);
insert into Owner_Ser values('OW3',03);
insert into Owner_Ser values('OW4',04);
insert into Owner_Ser values('OW5',05);
insert into Owner_Ser values('OW5',06);
insert into Owner_Ser values('OW4',07);
insert into Owner_Ser values('OW3',05);
insert into Owner_Ser values('OW2',03);
insert into Owner_Ser values('OW1',21);
insert into Owner_Ser values('OW2',11);
insert into Owner_Ser values('OW3',12);
insert into Owner_Ser values('OW4',16);
insert into Owner_Ser values('OW5',19);
insert into Owner_Ser values('OW5',09);
insert into Owner_Ser values('OW4',02);
insert into Owner_Ser values('OW3',01);
insert into Owner_Ser values('OW2',20);

#Admon_Ser

insert into admon_ser values('ADS1','Diego Arturo','Morales','González','Masculino',5519981226);
insert into admon_ser values('ADS2','Sebastian','Ávila','Sanchéz','Masculino',5513011026);
insert into Admon_Ser values('ADS3','Karla','Estrada','Lozano','Femenino',5512341232);

#AdmonSer_Ser
insert into admonser_ser values(01,'ADS1');
insert into admonser_ser values(01,'ADS2');
insert into admonser_ser values(02,'ADS1');
insert into admonser_ser values(02,'ADS2');
insert into admonser_ser values(03,'ADS1');
insert into admonser_ser values(03,'ADS2');
insert into admonser_ser values(04,'ADS1');
insert into admonser_ser values(04,'ADS2');
insert into admonser_ser values(05,'ADS1');
insert into admonser_ser values(05,'ADS2');
insert into admonser_ser values(06,'ADS1');
insert into admonser_ser values(06,'ADS2');
insert into admonser_ser values(07,'ADS1');
insert into admonser_ser values(07,'ADS2');

#Zona_Trabajo
insert into Zona_Trabajo values(1,'CDMX','Coyoacán');
insert into Zona_Trabajo values(2,'CDMX','Iztapalapa');
insert into Zona_Trabajo values(3,'CDMX','Alvaro Obregón');
insert into Zona_Trabajo values(4,'CDMX','Azcapotzalco');
insert into Zona_Trabajo values(5,'CDMX','Xochimilco');
insert into Zona_Trabajo values(6,'CDMX','Iztacalco');
insert into Zona_Trabajo values(7,'CDMX','Milpa Alta');
insert into Zona_Trabajo values(8,'CDMX','Benito Juárez');
insert into Zona_Trabajo values(9,'CDMX','Gustavo A. Madero');
insert into Zona_Trabajo values(10,'CDMX','Coyoacán');
insert into Zona_Trabajo values(11,'CDMX','Benito Juárez');
insert into Zona_Trabajo values(12,'CDMX','Cuajimalpa de Morelos');
insert into Zona_Trabajo values(13,'CDMX','Cuahutémoc');
insert into Zona_Trabajo values(14,'CDMX','Miguel Hidalgo');
insert into Zona_Trabajo values(15,'CDMX','Tláhuac');
insert into Zona_Trabajo values(16,'CDMX','Tlalpan');
insert into Zona_Trabajo values(17,'CDMX','Magdalena Contreras');
insert into Zona_Trabajo values(18,'CDMX','Venustiano Carranza');
insert into Zona_Trabajo values(19,'CDMX','Cuajimalpa de Morelos');
insert into Zona_Trabajo values(20,'CDMX','Azcapotzalco');
insert into Zona_Trabajo values(21,'CDMX','Xochimilco');
insert into Zona_Trabajo values(22,'CDMX','Gustavo A. Madero');
insert into Zona_Trabajo values(23,'CDMX','Gustavo A. Madero');
insert into Zona_Trabajo values(24,'CDMX','Magdalena Contreras');
insert into Zona_Trabajo values(25,'CDMX','Cuahutémoc');
insert into Zona_Trabajo values(26,'CDMX','Coyoacán');
insert into Zona_Trabajo values(27,'CDMX','Milpa Alta');
insert into Zona_Trabajo values(28,'CDMX','Iztacalco');
insert into Zona_Trabajo values(29,'CDMX','Alvaro Obregón');
insert into Zona_Trabajo values(30,'CDMX','Venustiano Carranza');




#Owner_ZT
insert into Owner_ZT values('OW1','2');
insert into Owner_ZT values('OW2','6');
insert into Owner_ZT values('OW3','1');
insert into Owner_ZT values('OW4','9');
insert into Owner_ZT values('OW5','10');
insert into Owner_ZT values('OW6','11');
insert into Owner_ZT values('OW7','12');
insert into Owner_ZT values('OW8','8');
insert into Owner_ZT values('OW9','1');
insert into Owner_ZT values('OW10','12');
insert into Owner_ZT values('OW11','6');
insert into Owner_ZT values('OW12','12');

#Renter
insert into Renter values('RT1','US7');
insert into Renter values('RT2','US8');
insert into Renter values('RT3','US9');
insert into Renter values('RT4','US10');
insert into Renter values('RT5','US11');
insert into Renter values('RT6','US12');
insert into Renter values('RT7','US13');
insert into Renter values('RT8','US14');
insert into Renter values('RT9','US15');
insert into Renter values('RT10','US16');
insert into Renter values('RT11','US7');
insert into Renter values('RT12','US5');
insert into Renter values('RT13','US18');
insert into Renter values('RT14','US27');
insert into Renter values('RT15','US29');

#Contrato
insert into contrato values('21356','2018-01-31','12:00','Se cobrará unicamente la parte del diseño, implementación y carga del sistema, mientras el sistema este implementado las actualizaciones se harán con un costo adicional','El cliente deberá proporcionar las especificaciones en un documento que cuente con un redacción clara y coherente','RT1','US7','OW6');
insert into contrato values('21357','2010-08-28','15:00','Se cobrará la mano de obra, se dara un tiempo adicional al calculado para poder terminar el trabajo por cualquier situación o circunstancia que pueda ocurrir','El cliente deberá proporcionar el material y los planos o respectivo diseño de la obra','RT2','US8','OW1');
insert into contrato values('21359','1999-06-25','09:00','Se realizará la pintura de la casa con dos capas','El cliente deberá proporcionar la pintura, las brochas, rodillos, recipientes y el agua necesaria para poder terminar el trabajo', 'RT3','US9','OW7');
insert into contrato values('21358','1998-09-01','08:00','Se realizará unicamente el peinado, se colocará una mascarilla, se pondrá tratamiento de cabello','El cliente deberá proporcionar el material necesario en cuanto a recipientes y en su caso pasdores, tintes, adornos del cabello','RT4','US10','OW10');
insert into contrato values('21360','2017-08-01','05:00','Se dara clases de ingles británico','El cliente no deberá proporcionar ningún material solo el espacio necesario para poder estudiar tranquilamente','RT5','US11','OW12');
insert into contrato values('21361','2012-12-23','08:00','Se impartirá medio tiempo del estipulado en el estudio de física y el siguiente medio tiempose invertirá en el estudio de matemáticas','El cliente solo debera proporcionar el espacio adecuado  con el menor ruido posible para poder estudiar','RT6','US12','OW11');
insert into contrato values('21362','2013-11-01','08:00','Se sacará a pasear al perro garantizando su seguridad','El cliente deberá proporcionar las bolsas para los deshechos del animal, asi como una correa adecuada al tamaño del perro y opcionalmente una botella de agua','RT7','US13','OW6');
insert into contrato values('21363','2014-10-22','20:00','Se cuidará al niñ@ asignado durante el tiempo establecido garantizando su bienestar y su salud','El cliente deberá proporcionar el material adecuado y dejar listas las respectivas comidas del menor','RT8','US14','OW2');
insert into contrato values('21364','2015-08-19','08:00','Se realizarán los planos de la casa de acuerdo a lo estipulado por el cliente','El cliente deberá proporcionar el tiempo necesario para las citas en donde se acordarán cambios, modificaciones, actualizaciones y se hará cargo de los gastos de los mismos','RT9','US15','OW8');


#AdmonSer_Contrato
insert into admonser_contrato values('ADS1','21356');
insert into admonser_contrato values('ADS2','21356');
insert into admonser_contrato values('ADS1','21357');
insert into admonser_contrato values('ADS2','21357');
insert into admonser_contrato values('ADS1','21358');
insert into admonser_contrato values('ADS2','21358');
insert into admonser_contrato values('ADS1','21359');
insert into admonser_contrato values('ADS2','21359');
insert into admonser_contrato values('ADS1','21360');
insert into admonser_contrato values('ADS2','21360');
insert into admonser_contrato values('ADS1','21361');
insert into admonser_contrato values('ADS2','21361');
insert into admonser_contrato values('ADS1','21362');
insert into admonser_contrato values('ADS2','21362');
insert into admonser_contrato values('ADS1','21363');
insert into admonser_contrato values('ADS2','21363');
insert into admonser_contrato values('ADS1','21364');
insert into admonser_contrato values('ADS2','21364');

#Horario_Trabajo
insert into Horario_Trabajo values(1,'Ma-Mi-Vi','8:00-19:00','OW1');
insert into Horario_Trabajo values(2,'Lu-Ju','10:30-19:00','OW2');
insert into Horario_Trabajo values(3,'Do-Mi','10:00-16:00','OW3');
insert into Horario_Trabajo values(4,'Sa-Do','7:00-20:00','OW4');
insert into Horario_Trabajo values(5,'Ma-Mi-Sa-Do','8:00-20:00','OW5');
insert into Horario_Trabajo values(6,'Ju-Sa','11:00-15:00','OW6');
insert into Horario_Trabajo values(7,'Lu-Ma-Mi-Ju','7:00-2:00','OW7');
insert into Horario_Trabajo values(8,'Ma-Mi-Ju-Vi','6:00-6:00','OW8');
insert into Horario_Trabajo values(9,'Mi-Sa-Do','3:00-8:00','OW9');
insert into Horario_Trabajo values(10,'Ju-Vi-Sa-Do','2:00-7:00','OW10');
insert into Horario_Trabajo values(11,'Lu-Ma-Mi','5:00-10:00','OW11');
insert into Horario_Trabajo values(12,'Lu-Ma','7:00-10:00','OW12');



#Queja
insert into Queja values(1,'El servicio que me ofrecio no me dejo satisfecho.','21356');
insert into Queja values(2,'La persona de servicio llego tarde','21357');
insert into Queja values(3,'No pinto como yo quería','21358');
insert into Queja values(5,'Su trato fue poco amable','21360');
insert into Queja values(7,'Pe1rdió a mi perro','21362');
insert into Queja values(9,'Quería cobrar adicionalmente a lo acordado','21364');

#Pago
insert into Pago values(1,'BANAMEX','2016-12-03','1500');
insert into Pago values(2,'BANCOMER','2011-10-15','2000');
insert into Pago values(3,'HSBC','2001-01-08','800');
insert into Pago values(4,'INBURSA','2005-03-23','679');
insert into Pago values(5,'BANORTE','2010-02-21','899');
insert into Pago values(6,'SANTANDER','2000-03-12','1500');
insert into Pago values(7,'BANAMEX','2002-04-06','1260');
insert into Pago values(8,'INBURSA','2009-07-09','820');
insert into Pago values(9,'BANCOMER','2018-05-29','234');

#Catalogo_Tarjetas
insert into Catalogo_Tarjetas values(1,8,'US1');
insert into Catalogo_Tarjetas values(2,9,'US2');
insert into Catalogo_Tarjetas values(3,7,'US3');
insert into Catalogo_Tarjetas values(4,3,'US4');
insert into Catalogo_Tarjetas values(5,6,'US5');
insert into Catalogo_Tarjetas values(6,4,'US6');
insert into Catalogo_Tarjetas values(7,5,'US7');
insert into Catalogo_Tarjetas values(8,2,'US8');
insert into Catalogo_Tarjetas values(9,1,'US9');

#LoginTipo_Quejas
insert into LoginTipo_Quejas values(1,'NL20',2);
insert into LoginTipo_Quejas values(2,'NL19',2);
insert into LoginTipo_Quejas values(3,'NL23',2);
insert into LoginTipo_Quejas values(5,'NL21',2);
insert into LoginTipo_Quejas values(7,'NL26',2);